IP,Hostname,Port,Port Protocol,CVSS,Severity,QoD,Solution Type,NVT Name,Summary,Specific Result,NVT OID,CVEs,Task ID,Task Name,Timestamp,Result ID,Impact,Solution,Affected Software/OS,Vulnerability Insight,Vulnerability Detection Method,Product Detection Result,BIDs,CERTs,Other References
      192.168.13.15,,443,tcp,10.0,Critical,100,"Workaround","Greenbone Security Assistant (GSA) Default Credentials (HTTP)","The remote Greenbone Security Assistant (GSA) is installed /
  configured in a way that it has account(s) with default passwords enabled.","It was possible to login using the following credentials (username:password):

admin:admin
",1.3.6.1.4.1.25623.1.0.105354,"",ea171b6f-24cf-45a0-b47f-15759bc2b6b9,"First Network Scan",2026-03-23T14:28:46Z,3222ebae-10a7-46a3-9614-8341b0ac388a,"This issue may be exploited by a remote attacker to gain access
  to sensitive information or modify system configuration.","Change the password of the mentioned account(s).","","","Tries to login with known default credentials via the HTTP
  protocol.
Details:
Greenbone Security Assistant (GSA) Default Credentials (HTTP)
(OID: 1.3.6.1.4.1.25623.1.0.105354)
Version used: 2024-07-10T05:05:27Z
","","","",""
192.168.13.10,dc13.net13.beta,5900,tcp,9.0,Critical,95,"Mitigation","VNC Brute Force Login","Try to log in with given passwords via VNC protocol.","No authentication is required to log in (Security Type NONE)
",1.3.6.1.4.1.25623.1.0.106056,"",ea171b6f-24cf-45a0-b47f-15759bc2b6b9,"First Network Scan",2026-03-23T14:28:46Z,49f4f94b-2809-4fac-9b09-d78bdaed2514,"","Change the password to something hard to guess or enable
  password protection at all.","","This script tries to authenticate to a VNC server with the
  passwords set in the password preference. It will also test and report if no authentication /
  password is required at all.

  Note: Some VNC servers have a blacklisting scheme that blocks IP addresses after five unsuccessful
  connection attempts for a period of time. The script will abort the brute force attack if it
  encounters that it gets blocked.

  Note as well that passwords can be max. 8 characters long.","
Details:
VNC Brute Force Login
(OID: 1.3.6.1.4.1.25623.1.0.106056)
Version used: 2021-07-23T07:56:26Z
","","","",""
192.168.13.10,dc13.net13.beta,135,tcp,5.0,Medium,80,"Mitigation","DCE/RPC and MSRPC Services Enumeration Reporting","Distributed Computing Environment / Remote Procedure Calls
  (DCE/RPC) or MSRPC based service enumeration reporting.","Here is the list of DCE/RPC or MSRPC services running on this host via the TCP protocol:

Port: 49664/tcp

     UUID: 0b1c2170-5732-4e0e-8cd3-d9b16f3b84d7, version 0
     Endpoint: ncacn_ip_tcp:192.168.13.10[49664]
     Annotation: RemoteAccessCheck

     UUID: 12345778-1234-abcd-ef00-0123456789ac, version 1
     Endpoint: ncacn_ip_tcp:192.168.13.10[49664]
     Named pipe : lsass
     Win32 service or process : lsass.exe
     Description : SAM access

     UUID: 51a227ae-825b-41f2-b4a9-1ac9557a1018, version 1
     Endpoint: ncacn_ip_tcp:192.168.13.10[49664]
     Annotation: Ngc Pop Key Service

     UUID: 8fb74744-b2ff-4c00-be0d-9ef9a191fe1b, version 1
     Endpoint: ncacn_ip_tcp:192.168.13.10[49664]
     Annotation: Ngc Pop Key Service

     UUID: b25a52bf-e5dd-4f4a-aea6-8ca7272a0e86, version 2
     Endpoint: ncacn_ip_tcp:192.168.13.10[49664]
     Annotation: KeyIso

     UUID: c9ac6db5-82b7-4e55-ae8a-e464ed7b4277, version 1
     Endpoint: ncacn_ip_tcp:192.168.13.10[49664]
     Annotation: Impl friendly name

Port: 49665/tcp

     UUID: d95afe70-a6d5-4259-822e-2c84da1ddb0d, version 1
     Endpoint: ncacn_ip_tcp:192.168.13.10[49665]

Port: 49670/tcp

     UUID: f6beaff7-1e19-4fbb-9f8f-b89e2018337c, version 1
     Endpoint: ncacn_ip_tcp:192.168.13.10[49670]
     Annotation: Windows Event Log

Port: 49671/tcp

     UUID: 29770a8f-829b-4158-90a2-78cd488501f7, version 1
     Endpoint: ncacn_ip_tcp:192.168.13.10[49671]

Port: 49672/tcp

     UUID: 3a9ef155-691d-4449-8d05-09ad57031823, version 1
     Endpoint: ncacn_ip_tcp:192.168.13.10[49672]

     UUID: 86d35949-83c9-4044-b424-db363231fd0c, version 1
     Endpoint: ncacn_ip_tcp:192.168.13.10[49672]

Port: 49674/tcp

     UUID: 0b1c2170-5732-4e0e-8cd3-d9b16f3b84d7, version 0
     Endpoint: ncacn_ip_tcp:192.168.13.10[49674]
     Annotation: RemoteAccessCheck

     UUID: 51a227ae-825b-41f2-b4a9-1ac9557a1018, version 1
     Endpoint: ncacn_ip_tcp:192.168.13.10[49674]
     Annotation: Ngc Pop Key Service

     UUID: 8fb74744-b2ff-4c00-be0d-9ef9a191fe1b, version 1
     Endpoint: ncacn_ip_tcp:192.168.13.10[49674]
     Annotation: Ngc Pop Key Service

     UUID: b25a52bf-e5dd-4f4a-aea6-8ca7272a0e86, version 2
     Endpoint: ncacn_ip_tcp:192.168.13.10[49674]
     Annotation: KeyIso

     UUID: c9ac6db5-82b7-4e55-ae8a-e464ed7b4277, version 1
     Endpoint: ncacn_ip_tcp:192.168.13.10[49674]
     Annotation: Impl friendly name

Port: 49676/tcp

     UUID: 0b6edbfa-4a24-4fc6-8a23-942b1eca65d1, version 1
     Endpoint: ncacn_ip_tcp:192.168.13.10[49676]

     UUID: 12345678-1234-abcd-ef00-0123456789ab, version 1
     Endpoint: ncacn_ip_tcp:192.168.13.10[49676]
     Named pipe : spoolss
     Win32 service or process : spoolsv.exe
     Description : Spooler service

     UUID: 4a452661-8290-4b36-8fbe-7f4093a94978, version 1
     Endpoint: ncacn_ip_tcp:192.168.13.10[49676]

     UUID: 76f03f96-cdfd-44fc-a22c-64950a001209, version 1
     Endpoint: ncacn_ip_tcp:192.168.13.10[49676]

     UUID: ae33069b-a2a8-46ee-a235-ddfd339be281, version 1
     Endpoint: ncacn_ip_tcp:192.168.13.10[49676]

Port: 49685/tcp

     UUID: 0b1c2170-5732-4e0e-8cd3-d9b16f3b84d7, version 0
     Endpoint: ncacn_ip_tcp:192.168.13.10[49685]
     Annotation: RemoteAccessCheck

     UUID: 12345778-1234-abcd-ef00-0123456789ab, version 0
     Endpoint: ncacn_ip_tcp:192.168.13.10[49685]
     Named pipe : lsass
     Win32 service or process : lsass.exe
     Description : LSA access

     UUID: 51a227ae-825b-41f2-b4a9-1ac9557a1018, version 1
     Endpoint: ncacn_ip_tcp:192.168.13.10[49685]
     Annotation: Ngc Pop Key Service

     UUID: 8fb74744-b2ff-4c00-be0d-9ef9a191fe1b, version 1
     Endpoint: ncacn_ip_tcp:192.168.13.10[49685]
     Annotation: Ngc Pop Key Service

     UUID: b25a52bf-e5dd-4f4a-aea6-8ca7272a0e86, version 2
     Endpoint: ncacn_ip_tcp:192.168.13.10[49685]
     Annotation: KeyIso

     UUID: e3514235-4b06-11d1-ab04-00c04fc2dcd2, version 4
     Endpoint: ncacn_ip_tcp:192.168.13.10[49685]
     Annotation: MS NT Directory DRS Interface

Port: 49686/tcp

     UUID: 0b1c2170-5732-4e0e-8cd3-d9b16f3b84d7, version 0
     Endpoint: ncacn_http:192.168.13.10[49686]
     Annotation: RemoteAccessCheck

     UUID: 12345678-1234-abcd-ef00-01234567cffb, version 1
     Endpoint: ncacn_http:192.168.13.10[49686]
     Named pipe : lsass
     Win32 service or process : Netlogon
     Description : Net Logon service

     UUID: 12345778-1234-abcd-ef00-0123456789ab, version 0
     Endpoint: ncacn_http:192.168.13.10[49686]
     Named pipe : lsass
     Win32 service or process : lsass.exe
     Description : LSA access

     UUID: 51a227ae-825b-41f2-b4a9-1ac9557a1018, version 1
     Endpoint: ncacn_http:192.168.13.10[49686]
     Annotation: Ngc Pop Key Service

     UUID: 8fb74744-b2ff-4c00-be0d-9ef9a191fe1b, version 1
     Endpoint: ncacn_http:192.168.13.10[49686]
     Annotation: Ngc Pop Key Service

     UUID: b25a52bf-e5dd-4f4a-aea6-8ca7272a0e86, version 2
     Endpoint: ncacn_http:192.168.13.10[49686]
     Annotation: KeyIso

     UUID: e3514235-4b06-11d1-ab04-00c04fc2dcd2, version 4
     Endpoint: ncacn_http:192.168.13.10[49686]
     Annotation: MS NT Directory DRS Interface

Port: 49689/tcp

     UUID: 367abb81-9844-35f1-ad32-98f038001003, version 2
     Endpoint: ncacn_ip_tcp:192.168.13.10[49689]

Port: 49708/tcp

     UUID: 5b821720-f63b-11d0-aad2-00c04fc324db, version 1
     Endpoint: ncacn_ip_tcp:192.168.13.10[49708]

     UUID: 6bffd098-a112-3610-9833-46c3f874532d, version 1
     Endpoint: ncacn_ip_tcp:192.168.13.10[49708]

Port: 49709/tcp

     UUID: 12345678-1234-abcd-ef00-01234567cffb, version 1
     Endpoint: ncacn_ip_tcp:192.168.13.10[49709]
     Named pipe : lsass
     Win32 service or process : Netlogon
     Description : Net Logon service

Port: 49720/tcp

     UUID: 50abc2a4-574d-40b3-9d66-ee4fd5fba076, version 5
     Endpoint: ncacn_ip_tcp:192.168.13.10[49720]
     Named pipe : dnsserver
     Win32 service or process : dns.exe
     Description : DNS Server

Port: 49724/tcp

     UUID: 897e2e5f-93f3-4376-9c9c-fd2277495c27, version 1
     Endpoint: ncacn_ip_tcp:192.168.13.10[49724]
     Annotation: Frs2 Service

Port: 49732/tcp

     UUID: 91ae6020-9e3c-11cf-8d7c-00aa00c091be, version 0
     Endpoint: ncacn_ip_tcp:192.168.13.10[49732]
     Named pipe : cert
     Win32 service or process : certsrv.exe
     Description : Certificate service

Note: DCE/RPC or MSRPC services running on this host locally were identified. Reporting this list is not enabled by default due to the possible large size of this list. See the script preferences to enable this reporting.
",1.3.6.1.4.1.25623.1.0.10736,"",ea171b6f-24cf-45a0-b47f-15759bc2b6b9,"First Network Scan",2026-03-23T14:28:46Z,fc09bd9f-de93-43c3-a415-943350cd1913,"An attacker may use this information to gain more knowledge about
  the remote host and to conduct further attacks based on it.","Filter incoming traffic to this ports.","All systems exposing / disclosing information via DCE/RPC or
  MSRPC services.","DCE/RPC or MSRPC services running on the remote host can be
  enumerated by connecting on port 135 and doing the appropriate queries.","Reports previously collected (via 'DCE/RPC and MSRPC Services
  Enumeration' OID: 1.3.6.1.4.1.25623.1.0.108044) DCE/RPC or MSRPC services.

  This VT is reporting a severity by default. If the scanned network is e.g. a private LAN / private
  WAN which contains systems not accessible to the public (access restricted) and it is accepted
  that the service is disclosing information to this network please set the 'Network type'
  configuration of the following VT to e.g. 'Private LAN' or 'Private WAN':

  Global variable settings (OID: 1.3.6.1.4.1.25623.1.0.12288)

  In this case a 'Log' level result is used instead.
Details:
DCE/RPC and MSRPC Services Enumeration Reporting
(OID: 1.3.6.1.4.1.25623.1.0.10736)
Version used: 2025-11-26T05:40:08Z
","","","",""
192.168.13.101,workstation13.net13.beta,135,tcp,5.0,Medium,80,"Mitigation","DCE/RPC and MSRPC Services Enumeration Reporting","Distributed Computing Environment / Remote Procedure Calls
  (DCE/RPC) or MSRPC based service enumeration reporting.","Here is the list of DCE/RPC or MSRPC services running on this host via the TCP protocol:

Port: 49664/tcp

     UUID: 0b1c2170-5732-4e0e-8cd3-d9b16f3b84d7, version 0
     Endpoint: ncacn_ip_tcp:192.168.13.101[49664]
     Annotation: RemoteAccessCheck

     UUID: 12345778-1234-abcd-ef00-0123456789ac, version 1
     Endpoint: ncacn_ip_tcp:192.168.13.101[49664]
     Named pipe : lsass
     Win32 service or process : lsass.exe
     Description : SAM access

     UUID: 51a227ae-825b-41f2-b4a9-1ac9557a1018, version 1
     Endpoint: ncacn_ip_tcp:192.168.13.101[49664]
     Annotation: Ngc Pop Key Service

     UUID: 8fb74744-b2ff-4c00-be0d-9ef9a191fe1b, version 1
     Endpoint: ncacn_ip_tcp:192.168.13.101[49664]
     Annotation: Ngc Pop Key Service

     UUID: b25a52bf-e5dd-4f4a-aea6-8ca7272a0e86, version 2
     Endpoint: ncacn_ip_tcp:192.168.13.101[49664]
     Annotation: KeyIso

Port: 49665/tcp

     UUID: d95afe70-a6d5-4259-822e-2c84da1ddb0d, version 1
     Endpoint: ncacn_ip_tcp:192.168.13.101[49665]

Port: 49666/tcp

     UUID: 3a9ef155-691d-4449-8d05-09ad57031823, version 1
     Endpoint: ncacn_ip_tcp:192.168.13.101[49666]

     UUID: 86d35949-83c9-4044-b424-db363231fd0c, version 1
     Endpoint: ncacn_ip_tcp:192.168.13.101[49666]

Port: 49667/tcp

     UUID: 29770a8f-829b-4158-90a2-78cd488501f7, version 1
     Endpoint: ncacn_ip_tcp:192.168.13.101[49667]

Port: 49668/tcp

     UUID: f6beaff7-1e19-4fbb-9f8f-b89e2018337c, version 1
     Endpoint: ncacn_ip_tcp:192.168.13.101[49668]
     Annotation: Windows Event Log

Port: 49669/tcp

     UUID: 0b1c2170-5732-4e0e-8cd3-d9b16f3b84d7, version 0
     Endpoint: ncacn_ip_tcp:192.168.13.101[49669]
     Annotation: RemoteAccessCheck

     UUID: 51a227ae-825b-41f2-b4a9-1ac9557a1018, version 1
     Endpoint: ncacn_ip_tcp:192.168.13.101[49669]
     Annotation: Ngc Pop Key Service

     UUID: 8fb74744-b2ff-4c00-be0d-9ef9a191fe1b, version 1
     Endpoint: ncacn_ip_tcp:192.168.13.101[49669]
     Annotation: Ngc Pop Key Service

     UUID: b25a52bf-e5dd-4f4a-aea6-8ca7272a0e86, version 2
     Endpoint: ncacn_ip_tcp:192.168.13.101[49669]
     Annotation: KeyIso

Port: 49670/tcp

     UUID: 0b6edbfa-4a24-4fc6-8a23-942b1eca65d1, version 1
     Endpoint: ncacn_ip_tcp:192.168.13.101[49670]

     UUID: 12345678-1234-abcd-ef00-0123456789ab, version 1
     Endpoint: ncacn_ip_tcp:192.168.13.101[49670]
     Named pipe : spoolss
     Win32 service or process : spoolsv.exe
     Description : Spooler service

     UUID: 4a452661-8290-4b36-8fbe-7f4093a94978, version 1
     Endpoint: ncacn_ip_tcp:192.168.13.101[49670]

     UUID: 76f03f96-cdfd-44fc-a22c-64950a001209, version 1
     Endpoint: ncacn_ip_tcp:192.168.13.101[49670]

     UUID: ae33069b-a2a8-46ee-a235-ddfd339be281, version 1
     Endpoint: ncacn_ip_tcp:192.168.13.101[49670]

Port: 49672/tcp

     UUID: 367abb81-9844-35f1-ad32-98f038001003, version 2
     Endpoint: ncacn_ip_tcp:192.168.13.101[49672]

Port: 49673/tcp

     UUID: 6b5bdd1e-528c-422c-af8c-a4079be4fe48, version 1
     Endpoint: ncacn_ip_tcp:192.168.13.101[49673]
     Annotation: Remote Fw APIs

Note: DCE/RPC or MSRPC services running on this host locally were identified. Reporting this list is not enabled by default due to the possible large size of this list. See the script preferences to enable this reporting.
",1.3.6.1.4.1.25623.1.0.10736,"",ea171b6f-24cf-45a0-b47f-15759bc2b6b9,"First Network Scan",2026-03-23T14:28:46Z,8f51df11-d991-465e-a906-43da73bc8d02,"An attacker may use this information to gain more knowledge about
  the remote host and to conduct further attacks based on it.","Filter incoming traffic to this ports.","All systems exposing / disclosing information via DCE/RPC or
  MSRPC services.","DCE/RPC or MSRPC services running on the remote host can be
  enumerated by connecting on port 135 and doing the appropriate queries.","Reports previously collected (via 'DCE/RPC and MSRPC Services
  Enumeration' OID: 1.3.6.1.4.1.25623.1.0.108044) DCE/RPC or MSRPC services.

  This VT is reporting a severity by default. If the scanned network is e.g. a private LAN / private
  WAN which contains systems not accessible to the public (access restricted) and it is accepted
  that the service is disclosing information to this network please set the 'Network type'
  configuration of the following VT to e.g. 'Private LAN' or 'Private WAN':

  Global variable settings (OID: 1.3.6.1.4.1.25623.1.0.12288)

  In this case a 'Log' level result is used instead.
Details:
DCE/RPC and MSRPC Services Enumeration Reporting
(OID: 1.3.6.1.4.1.25623.1.0.10736)
Version used: 2025-11-26T05:40:08Z
","","","",""
192.168.13.10,dc13.net13.beta,5900,tcp,4.8,Medium,70,"Mitigation","VNC Server Unencrypted Data Transmission","The remote host is running a VNC server providing one or more insecure or
  cryptographically weak Security Type(s) not intended for use on untrusted networks.","The VNC server provides the following insecure or cryptographically weak Security Type(s):

1 (None)
",1.3.6.1.4.1.25623.1.0.108529,"",ea171b6f-24cf-45a0-b47f-15759bc2b6b9,"First Network Scan",2026-03-23T14:28:46Z,ca1914d1-23cc-4259-8d26-a5a375a6a44c,"An attacker can uncover sensitive data by sniffing traffic to the
  VNC server.","Run the session over an encrypted channel provided by IPsec [RFC4301] or SSH [RFC4254].
  Some VNC server vendors are also providing more secure Security Types within their products.","","","
Details:
VNC Server Unencrypted Data Transmission
(OID: 1.3.6.1.4.1.25623.1.0.108529)
Version used: 2023-07-12T05:05:04Z
","","","",""
192.168.13.101,workstation13.net13.beta,5900,tcp,4.8,Medium,70,"Mitigation","VNC Server Unencrypted Data Transmission","The remote host is running a VNC server providing one or more insecure or
  cryptographically weak Security Type(s) not intended for use on untrusted networks.","The VNC server provides the following insecure or cryptographically weak Security Type(s):

2 (VNC authentication)
",1.3.6.1.4.1.25623.1.0.108529,"",ea171b6f-24cf-45a0-b47f-15759bc2b6b9,"First Network Scan",2026-03-23T14:28:46Z,98e63157-41e1-4b75-b062-5680b06c22e8,"An attacker can uncover sensitive data by sniffing traffic to the
  VNC server.","Run the session over an encrypted channel provided by IPsec [RFC4301] or SSH [RFC4254].
  Some VNC server vendors are also providing more secure Security Types within their products.","","","
Details:
VNC Server Unencrypted Data Transmission
(OID: 1.3.6.1.4.1.25623.1.0.108529)
Version used: 2023-07-12T05:05:04Z
","","","",""
192.168.13.10,dc13.net13.beta,3269,tcp,4.3,Medium,98,"Mitigation","SSL/TLS: Deprecated TLSv1.0 and TLSv1.1 Protocol Detection","It was possible to detect the usage of the deprecated TLSv1.0
  and/or TLSv1.1 protocol on this system.","In addition to TLSv1.2+ the service is also providing the deprecated TLSv1.0 and TLSv1.1 protocols and supports one or more ciphers. Those supported ciphers can be found in the 'SSL/TLS: Report Supported Cipher Suites' (OID: 1.3.6.1.4.1.25623.1.0.802067) VT.
",1.3.6.1.4.1.25623.1.0.117274,"CVE-2011-3389,CVE-2015-0204,CVE-2023-41928,CVE-2024-41270,CVE-2025-3200",ea171b6f-24cf-45a0-b47f-15759bc2b6b9,"First Network Scan",2026-03-23T14:28:46Z,83c50567-ddb5-4cbc-9cc7-44937673c5a3,"An attacker might be able to use the known cryptographic flaws to
  eavesdrop the connection between clients and the service to get access to sensitive data
  transferred within the secured connection.

  Furthermore newly uncovered vulnerabilities in this protocols won't receive security updates
  anymore.","It is recommended to disable the deprecated TLSv1.0 and/or
  TLSv1.1 protocols in favor of the TLSv1.2+ protocols.

  Please see the references for more resources supporting you with this task.","'- All services providing an encrypted communication using the
  TLSv1.0 and/or TLSv1.1 protocols

  - CVE-2023-41928: Kiloview P1 4G and P2 4G Video Encoder

  - CVE-2024-41270: Gorush v1.18.4

  - CVE-2025-3200: Multiple products from Wiesemann & Theis","The TLSv1.0 and TLSv1.1 protocols contain known cryptographic
  flaws like:

  - CVE-2011-3389: Browser Exploit Against SSL/TLS (BEAST)

  - CVE-2015-0204: Factoring Attack on RSA-EXPORT Keys Padding Oracle On Downgraded Legacy
  Encryption (FREAK)","Checks the used TLS protocols of the services provided by this
  system.
Details:
SSL/TLS: Deprecated TLSv1.0 and TLSv1.1 Protocol Detection
(OID: 1.3.6.1.4.1.25623.1.0.117274)
Version used: 2026-03-13T05:54:58Z
","Product: cpe:/a:ietf:transport_layer_security:1.0
Method: SSL/TLS: Version Detection
(OID: 1.3.6.1.4.1.25623.1.0.105782)
","","DFN-CERT-2020-0177,DFN-CERT-2020-0111,DFN-CERT-2019-0068,DFN-CERT-2018-1441,DFN-CERT-2018-1408,DFN-CERT-2016-1372,DFN-CERT-2016-1164,DFN-CERT-2016-0388,DFN-CERT-2015-1853,DFN-CERT-2015-1332,DFN-CERT-2015-0884,DFN-CERT-2015-0800,DFN-CERT-2015-0758,DFN-CERT-2015-0567,DFN-CERT-2015-0544,DFN-CERT-2015-0530,DFN-CERT-2015-0396,DFN-CERT-2015-0375,DFN-CERT-2015-0374,DFN-CERT-2015-0305,DFN-CERT-2015-0199,DFN-CERT-2015-0079,DFN-CERT-2015-0021,DFN-CERT-2014-1414,DFN-CERT-2013-1847,DFN-CERT-2013-1792,DFN-CERT-2012-1979,DFN-CERT-2012-1829,DFN-CERT-2012-1530,DFN-CERT-2012-1380,DFN-CERT-2012-1377,DFN-CERT-2012-1292,DFN-CERT-2012-1214,DFN-CERT-2012-1213,DFN-CERT-2012-1180,DFN-CERT-2012-1156,DFN-CERT-2012-1155,DFN-CERT-2012-1039,DFN-CERT-2012-0956,DFN-CERT-2012-0908,DFN-CERT-2012-0868,DFN-CERT-2012-0867,DFN-CERT-2012-0848,DFN-CERT-2012-0838,DFN-CERT-2012-0776,DFN-CERT-2012-0722,DFN-CERT-2012-0638,DFN-CERT-2012-0627,DFN-CERT-2012-0451,DFN-CERT-2012-0418,DFN-CERT-2012-0354,DFN-CERT-2012-0234,DFN-CERT-2012-0221,DFN-CERT-2012-0177,DFN-CERT-2012-0170,DFN-CERT-2012-0146,DFN-CERT-2012-0142,DFN-CERT-2012-0126,DFN-CERT-2012-0123,DFN-CERT-2012-0095,DFN-CERT-2012-0051,DFN-CERT-2012-0047,DFN-CERT-2012-0021,DFN-CERT-2011-1953,DFN-CERT-2011-1946,DFN-CERT-2011-1844,DFN-CERT-2011-1826,DFN-CERT-2011-1774,DFN-CERT-2011-1743,DFN-CERT-2011-1738,DFN-CERT-2011-1706,DFN-CERT-2011-1628,DFN-CERT-2011-1627,DFN-CERT-2011-1619,DFN-CERT-2011-1482,WID-SEC-2026-0180,WID-SEC-2023-1435,CB-K18/0799,CB-K16/1289,CB-K16/1096,CB-K15/1751,CB-K15/1266,CB-K15/0850,CB-K15/0764,CB-K15/0720,CB-K15/0548,CB-K15/0526,CB-K15/0509,CB-K15/0493,CB-K15/0384,CB-K15/0365,CB-K15/0364,CB-K15/0302,CB-K15/0192,CB-K15/0079,CB-K15/0016,CB-K14/1342,CB-K14/0231,CB-K13/0845,CB-K13/0796,CB-K13/0790",""
192.168.13.10,dc13.net13.beta,3389,tcp,4.3,Medium,98,"Mitigation","SSL/TLS: Deprecated TLSv1.0 and TLSv1.1 Protocol Detection","It was possible to detect the usage of the deprecated TLSv1.0
  and/or TLSv1.1 protocol on this system.","In addition to TLSv1.2+ the service is also providing the deprecated TLSv1.0 and TLSv1.1 protocols and supports one or more ciphers. Those supported ciphers can be found in the 'SSL/TLS: Report Supported Cipher Suites' (OID: 1.3.6.1.4.1.25623.1.0.802067) VT.
",1.3.6.1.4.1.25623.1.0.117274,"CVE-2011-3389,CVE-2015-0204,CVE-2023-41928,CVE-2024-41270,CVE-2025-3200",ea171b6f-24cf-45a0-b47f-15759bc2b6b9,"First Network Scan",2026-03-23T14:28:46Z,787c3550-1cdf-4a06-b229-2dae24743722,"An attacker might be able to use the known cryptographic flaws to
  eavesdrop the connection between clients and the service to get access to sensitive data
  transferred within the secured connection.

  Furthermore newly uncovered vulnerabilities in this protocols won't receive security updates
  anymore.","It is recommended to disable the deprecated TLSv1.0 and/or
  TLSv1.1 protocols in favor of the TLSv1.2+ protocols.

  Please see the references for more resources supporting you with this task.","'- All services providing an encrypted communication using the
  TLSv1.0 and/or TLSv1.1 protocols

  - CVE-2023-41928: Kiloview P1 4G and P2 4G Video Encoder

  - CVE-2024-41270: Gorush v1.18.4

  - CVE-2025-3200: Multiple products from Wiesemann & Theis","The TLSv1.0 and TLSv1.1 protocols contain known cryptographic
  flaws like:

  - CVE-2011-3389: Browser Exploit Against SSL/TLS (BEAST)

  - CVE-2015-0204: Factoring Attack on RSA-EXPORT Keys Padding Oracle On Downgraded Legacy
  Encryption (FREAK)","Checks the used TLS protocols of the services provided by this
  system.
Details:
SSL/TLS: Deprecated TLSv1.0 and TLSv1.1 Protocol Detection
(OID: 1.3.6.1.4.1.25623.1.0.117274)
Version used: 2026-03-13T05:54:58Z
","Product: cpe:/a:ietf:transport_layer_security:1.0
Method: SSL/TLS: Version Detection
(OID: 1.3.6.1.4.1.25623.1.0.105782)
","","DFN-CERT-2020-0177,DFN-CERT-2020-0111,DFN-CERT-2019-0068,DFN-CERT-2018-1441,DFN-CERT-2018-1408,DFN-CERT-2016-1372,DFN-CERT-2016-1164,DFN-CERT-2016-0388,DFN-CERT-2015-1853,DFN-CERT-2015-1332,DFN-CERT-2015-0884,DFN-CERT-2015-0800,DFN-CERT-2015-0758,DFN-CERT-2015-0567,DFN-CERT-2015-0544,DFN-CERT-2015-0530,DFN-CERT-2015-0396,DFN-CERT-2015-0375,DFN-CERT-2015-0374,DFN-CERT-2015-0305,DFN-CERT-2015-0199,DFN-CERT-2015-0079,DFN-CERT-2015-0021,DFN-CERT-2014-1414,DFN-CERT-2013-1847,DFN-CERT-2013-1792,DFN-CERT-2012-1979,DFN-CERT-2012-1829,DFN-CERT-2012-1530,DFN-CERT-2012-1380,DFN-CERT-2012-1377,DFN-CERT-2012-1292,DFN-CERT-2012-1214,DFN-CERT-2012-1213,DFN-CERT-2012-1180,DFN-CERT-2012-1156,DFN-CERT-2012-1155,DFN-CERT-2012-1039,DFN-CERT-2012-0956,DFN-CERT-2012-0908,DFN-CERT-2012-0868,DFN-CERT-2012-0867,DFN-CERT-2012-0848,DFN-CERT-2012-0838,DFN-CERT-2012-0776,DFN-CERT-2012-0722,DFN-CERT-2012-0638,DFN-CERT-2012-0627,DFN-CERT-2012-0451,DFN-CERT-2012-0418,DFN-CERT-2012-0354,DFN-CERT-2012-0234,DFN-CERT-2012-0221,DFN-CERT-2012-0177,DFN-CERT-2012-0170,DFN-CERT-2012-0146,DFN-CERT-2012-0142,DFN-CERT-2012-0126,DFN-CERT-2012-0123,DFN-CERT-2012-0095,DFN-CERT-2012-0051,DFN-CERT-2012-0047,DFN-CERT-2012-0021,DFN-CERT-2011-1953,DFN-CERT-2011-1946,DFN-CERT-2011-1844,DFN-CERT-2011-1826,DFN-CERT-2011-1774,DFN-CERT-2011-1743,DFN-CERT-2011-1738,DFN-CERT-2011-1706,DFN-CERT-2011-1628,DFN-CERT-2011-1627,DFN-CERT-2011-1619,DFN-CERT-2011-1482,WID-SEC-2026-0180,WID-SEC-2023-1435,CB-K18/0799,CB-K16/1289,CB-K16/1096,CB-K15/1751,CB-K15/1266,CB-K15/0850,CB-K15/0764,CB-K15/0720,CB-K15/0548,CB-K15/0526,CB-K15/0509,CB-K15/0493,CB-K15/0384,CB-K15/0365,CB-K15/0364,CB-K15/0302,CB-K15/0192,CB-K15/0079,CB-K15/0016,CB-K14/1342,CB-K14/0231,CB-K13/0845,CB-K13/0796,CB-K13/0790",""
192.168.13.101,workstation13.net13.beta,3389,tcp,4.3,Medium,98,"Mitigation","SSL/TLS: Deprecated TLSv1.0 and TLSv1.1 Protocol Detection","It was possible to detect the usage of the deprecated TLSv1.0
  and/or TLSv1.1 protocol on this system.","In addition to TLSv1.2+ the service is also providing the deprecated TLSv1.0 and TLSv1.1 protocols and supports one or more ciphers. Those supported ciphers can be found in the 'SSL/TLS: Report Supported Cipher Suites' (OID: 1.3.6.1.4.1.25623.1.0.802067) VT.
",1.3.6.1.4.1.25623.1.0.117274,"CVE-2011-3389,CVE-2015-0204,CVE-2023-41928,CVE-2024-41270,CVE-2025-3200",ea171b6f-24cf-45a0-b47f-15759bc2b6b9,"First Network Scan",2026-03-23T14:28:46Z,6d5bb090-a4dd-4fd0-b6e0-d7403df0c792,"An attacker might be able to use the known cryptographic flaws to
  eavesdrop the connection between clients and the service to get access to sensitive data
  transferred within the secured connection.

  Furthermore newly uncovered vulnerabilities in this protocols won't receive security updates
  anymore.","It is recommended to disable the deprecated TLSv1.0 and/or
  TLSv1.1 protocols in favor of the TLSv1.2+ protocols.

  Please see the references for more resources supporting you with this task.","'- All services providing an encrypted communication using the
  TLSv1.0 and/or TLSv1.1 protocols

  - CVE-2023-41928: Kiloview P1 4G and P2 4G Video Encoder

  - CVE-2024-41270: Gorush v1.18.4

  - CVE-2025-3200: Multiple products from Wiesemann & Theis","The TLSv1.0 and TLSv1.1 protocols contain known cryptographic
  flaws like:

  - CVE-2011-3389: Browser Exploit Against SSL/TLS (BEAST)

  - CVE-2015-0204: Factoring Attack on RSA-EXPORT Keys Padding Oracle On Downgraded Legacy
  Encryption (FREAK)","Checks the used TLS protocols of the services provided by this
  system.
Details:
SSL/TLS: Deprecated TLSv1.0 and TLSv1.1 Protocol Detection
(OID: 1.3.6.1.4.1.25623.1.0.117274)
Version used: 2026-03-13T05:54:58Z
","Product: cpe:/a:ietf:transport_layer_security:1.0
Method: SSL/TLS: Version Detection
(OID: 1.3.6.1.4.1.25623.1.0.105782)
","","DFN-CERT-2020-0177,DFN-CERT-2020-0111,DFN-CERT-2019-0068,DFN-CERT-2018-1441,DFN-CERT-2018-1408,DFN-CERT-2016-1372,DFN-CERT-2016-1164,DFN-CERT-2016-0388,DFN-CERT-2015-1853,DFN-CERT-2015-1332,DFN-CERT-2015-0884,DFN-CERT-2015-0800,DFN-CERT-2015-0758,DFN-CERT-2015-0567,DFN-CERT-2015-0544,DFN-CERT-2015-0530,DFN-CERT-2015-0396,DFN-CERT-2015-0375,DFN-CERT-2015-0374,DFN-CERT-2015-0305,DFN-CERT-2015-0199,DFN-CERT-2015-0079,DFN-CERT-2015-0021,DFN-CERT-2014-1414,DFN-CERT-2013-1847,DFN-CERT-2013-1792,DFN-CERT-2012-1979,DFN-CERT-2012-1829,DFN-CERT-2012-1530,DFN-CERT-2012-1380,DFN-CERT-2012-1377,DFN-CERT-2012-1292,DFN-CERT-2012-1214,DFN-CERT-2012-1213,DFN-CERT-2012-1180,DFN-CERT-2012-1156,DFN-CERT-2012-1155,DFN-CERT-2012-1039,DFN-CERT-2012-0956,DFN-CERT-2012-0908,DFN-CERT-2012-0868,DFN-CERT-2012-0867,DFN-CERT-2012-0848,DFN-CERT-2012-0838,DFN-CERT-2012-0776,DFN-CERT-2012-0722,DFN-CERT-2012-0638,DFN-CERT-2012-0627,DFN-CERT-2012-0451,DFN-CERT-2012-0418,DFN-CERT-2012-0354,DFN-CERT-2012-0234,DFN-CERT-2012-0221,DFN-CERT-2012-0177,DFN-CERT-2012-0170,DFN-CERT-2012-0146,DFN-CERT-2012-0142,DFN-CERT-2012-0126,DFN-CERT-2012-0123,DFN-CERT-2012-0095,DFN-CERT-2012-0051,DFN-CERT-2012-0047,DFN-CERT-2012-0021,DFN-CERT-2011-1953,DFN-CERT-2011-1946,DFN-CERT-2011-1844,DFN-CERT-2011-1826,DFN-CERT-2011-1774,DFN-CERT-2011-1743,DFN-CERT-2011-1738,DFN-CERT-2011-1706,DFN-CERT-2011-1628,DFN-CERT-2011-1627,DFN-CERT-2011-1619,DFN-CERT-2011-1482,WID-SEC-2026-0180,WID-SEC-2023-1435,CB-K18/0799,CB-K16/1289,CB-K16/1096,CB-K15/1751,CB-K15/1266,CB-K15/0850,CB-K15/0764,CB-K15/0720,CB-K15/0548,CB-K15/0526,CB-K15/0509,CB-K15/0493,CB-K15/0384,CB-K15/0365,CB-K15/0364,CB-K15/0302,CB-K15/0192,CB-K15/0079,CB-K15/0016,CB-K14/1342,CB-K14/0231,CB-K13/0845,CB-K13/0796,CB-K13/0790",""
192.168.13.10,dc13.net13.beta,636,tcp,4.3,Medium,98,"Mitigation","SSL/TLS: Deprecated TLSv1.0 and TLSv1.1 Protocol Detection","It was possible to detect the usage of the deprecated TLSv1.0
  and/or TLSv1.1 protocol on this system.","In addition to TLSv1.2+ the service is also providing the deprecated TLSv1.0 and TLSv1.1 protocols and supports one or more ciphers. Those supported ciphers can be found in the 'SSL/TLS: Report Supported Cipher Suites' (OID: 1.3.6.1.4.1.25623.1.0.802067) VT.
",1.3.6.1.4.1.25623.1.0.117274,"CVE-2011-3389,CVE-2015-0204,CVE-2023-41928,CVE-2024-41270,CVE-2025-3200",ea171b6f-24cf-45a0-b47f-15759bc2b6b9,"First Network Scan",2026-03-23T14:28:46Z,c7adfc02-a050-4d82-ba6f-9f6ae442045f,"An attacker might be able to use the known cryptographic flaws to
  eavesdrop the connection between clients and the service to get access to sensitive data
  transferred within the secured connection.

  Furthermore newly uncovered vulnerabilities in this protocols won't receive security updates
  anymore.","It is recommended to disable the deprecated TLSv1.0 and/or
  TLSv1.1 protocols in favor of the TLSv1.2+ protocols.

  Please see the references for more resources supporting you with this task.","'- All services providing an encrypted communication using the
  TLSv1.0 and/or TLSv1.1 protocols

  - CVE-2023-41928: Kiloview P1 4G and P2 4G Video Encoder

  - CVE-2024-41270: Gorush v1.18.4

  - CVE-2025-3200: Multiple products from Wiesemann & Theis","The TLSv1.0 and TLSv1.1 protocols contain known cryptographic
  flaws like:

  - CVE-2011-3389: Browser Exploit Against SSL/TLS (BEAST)

  - CVE-2015-0204: Factoring Attack on RSA-EXPORT Keys Padding Oracle On Downgraded Legacy
  Encryption (FREAK)","Checks the used TLS protocols of the services provided by this
  system.
Details:
SSL/TLS: Deprecated TLSv1.0 and TLSv1.1 Protocol Detection
(OID: 1.3.6.1.4.1.25623.1.0.117274)
Version used: 2026-03-13T05:54:58Z
","Product: cpe:/a:ietf:transport_layer_security:1.0
Method: SSL/TLS: Version Detection
(OID: 1.3.6.1.4.1.25623.1.0.105782)
","","DFN-CERT-2020-0177,DFN-CERT-2020-0111,DFN-CERT-2019-0068,DFN-CERT-2018-1441,DFN-CERT-2018-1408,DFN-CERT-2016-1372,DFN-CERT-2016-1164,DFN-CERT-2016-0388,DFN-CERT-2015-1853,DFN-CERT-2015-1332,DFN-CERT-2015-0884,DFN-CERT-2015-0800,DFN-CERT-2015-0758,DFN-CERT-2015-0567,DFN-CERT-2015-0544,DFN-CERT-2015-0530,DFN-CERT-2015-0396,DFN-CERT-2015-0375,DFN-CERT-2015-0374,DFN-CERT-2015-0305,DFN-CERT-2015-0199,DFN-CERT-2015-0079,DFN-CERT-2015-0021,DFN-CERT-2014-1414,DFN-CERT-2013-1847,DFN-CERT-2013-1792,DFN-CERT-2012-1979,DFN-CERT-2012-1829,DFN-CERT-2012-1530,DFN-CERT-2012-1380,DFN-CERT-2012-1377,DFN-CERT-2012-1292,DFN-CERT-2012-1214,DFN-CERT-2012-1213,DFN-CERT-2012-1180,DFN-CERT-2012-1156,DFN-CERT-2012-1155,DFN-CERT-2012-1039,DFN-CERT-2012-0956,DFN-CERT-2012-0908,DFN-CERT-2012-0868,DFN-CERT-2012-0867,DFN-CERT-2012-0848,DFN-CERT-2012-0838,DFN-CERT-2012-0776,DFN-CERT-2012-0722,DFN-CERT-2012-0638,DFN-CERT-2012-0627,DFN-CERT-2012-0451,DFN-CERT-2012-0418,DFN-CERT-2012-0354,DFN-CERT-2012-0234,DFN-CERT-2012-0221,DFN-CERT-2012-0177,DFN-CERT-2012-0170,DFN-CERT-2012-0146,DFN-CERT-2012-0142,DFN-CERT-2012-0126,DFN-CERT-2012-0123,DFN-CERT-2012-0095,DFN-CERT-2012-0051,DFN-CERT-2012-0047,DFN-CERT-2012-0021,DFN-CERT-2011-1953,DFN-CERT-2011-1946,DFN-CERT-2011-1844,DFN-CERT-2011-1826,DFN-CERT-2011-1774,DFN-CERT-2011-1743,DFN-CERT-2011-1738,DFN-CERT-2011-1706,DFN-CERT-2011-1628,DFN-CERT-2011-1627,DFN-CERT-2011-1619,DFN-CERT-2011-1482,WID-SEC-2026-0180,WID-SEC-2023-1435,CB-K18/0799,CB-K16/1289,CB-K16/1096,CB-K15/1751,CB-K15/1266,CB-K15/0850,CB-K15/0764,CB-K15/0720,CB-K15/0548,CB-K15/0526,CB-K15/0509,CB-K15/0493,CB-K15/0384,CB-K15/0365,CB-K15/0364,CB-K15/0302,CB-K15/0192,CB-K15/0079,CB-K15/0016,CB-K14/1342,CB-K14/0231,CB-K13/0845,CB-K13/0796,CB-K13/0790",""
192.168.13.20,mail.betatrade.beta,443,tcp,4.3,Medium,80,"NoneAvailable","SOGo <= 5.12.4 XSS Vulnerability","SOGo is prone to a cross-site scripting (XSS) vulnerability.","Installed version: 5.12.3
Fixed version:     None

",1.3.6.1.4.1.25623.1.0.125136,"CVE-2025-63499",ea171b6f-24cf-45a0-b47f-15759bc2b6b9,"First Network Scan",2026-03-23T14:28:46Z,5c3c6fba-4a2e-4b38-bbee-392dd9b2517e,"","No known solution is available as of 05th December, 2025.
  Information regarding this issue will be updated once solution details are available.","SOGo version 5.12.4 and prior.","SOGo is vulnerable to Cross Site Scripting (XSS) via the theme
  parameter. An attacker can exploit this vulnerability to inject malicious scripts into the
  application. To exploit this vulnerability, the attacker needs to know the victim's email
  address and the victim must have a valid SOGo session.","Checks if a vulnerable version is present on the target host.
Details:
SOGo <= 5.12.4 XSS Vulnerability
(OID: 1.3.6.1.4.1.25623.1.0.125136)
Version used: 2025-12-05T15:41:30Z
","","","DFN-CERT-2026-0077",""
192.168.13.15,,,,2.6,Low,80,"Mitigation","TCP Timestamps Information Disclosure","The remote host implements TCP timestamps and therefore allows
  to compute the uptime.","It was detected that the host implements RFC1323/RFC7323.

The following timestamps were retrieved with a delay of 1 seconds in-between:
Packet 1: 209720561
Packet 2: 209721596
",1.3.6.1.4.1.25623.1.0.80091,"",ea171b6f-24cf-45a0-b47f-15759bc2b6b9,"First Network Scan",2026-03-23T14:28:46Z,37946395-0ad0-4f9e-b657-2a2f4598f589,"A side effect of this feature is that the uptime of the remote
  host can sometimes be computed.","To disable TCP timestamps on linux add the line
  'net.ipv4.tcp_timestamps = 0' to /etc/sysctl.conf. Execute 'sysctl -p' to apply the settings at
  runtime.

  To disable TCP timestamps on Windows execute 'netsh int tcp set global timestamps=disabled'

  Starting with Windows Server 2008 and Vista, the timestamp can not be completely disabled.

  The default behavior of the TCP/IP stack on this Systems is to not use the Timestamp options when
  initiating TCP connections, but use them if the TCP peer that is initiating communication includes
  them in their synchronize (SYN) segment.

  See the references for more information.","TCP implementations that implement RFC1323/RFC7323.","The remote host implements TCP timestamps, as defined by
  RFC1323/RFC7323.","Special IP packets are forged and sent with a little delay in
  between to the target IP. The responses are searched for a timestamps. If found, the timestamps
  are reported.
Details:
TCP Timestamps Information Disclosure
(OID: 1.3.6.1.4.1.25623.1.0.80091)
Version used: 2023-12-15T16:10:08Z
","","","",""
192.168.13.1,_gateway,,,2.6,Low,80,"Mitigation","TCP Timestamps Information Disclosure","The remote host implements TCP timestamps and therefore allows
  to compute the uptime.","It was detected that the host implements RFC1323/RFC7323.

The following timestamps were retrieved with a delay of 1 seconds in-between:
Packet 1: 491378855
Packet 2: 4054128183
",1.3.6.1.4.1.25623.1.0.80091,"",ea171b6f-24cf-45a0-b47f-15759bc2b6b9,"First Network Scan",2026-03-23T14:28:46Z,c94716ed-981b-4a71-b677-a5199a9ec640,"A side effect of this feature is that the uptime of the remote
  host can sometimes be computed.","To disable TCP timestamps on linux add the line
  'net.ipv4.tcp_timestamps = 0' to /etc/sysctl.conf. Execute 'sysctl -p' to apply the settings at
  runtime.

  To disable TCP timestamps on Windows execute 'netsh int tcp set global timestamps=disabled'

  Starting with Windows Server 2008 and Vista, the timestamp can not be completely disabled.

  The default behavior of the TCP/IP stack on this Systems is to not use the Timestamp options when
  initiating TCP connections, but use them if the TCP peer that is initiating communication includes
  them in their synchronize (SYN) segment.

  See the references for more information.","TCP implementations that implement RFC1323/RFC7323.","The remote host implements TCP timestamps, as defined by
  RFC1323/RFC7323.","Special IP packets are forged and sent with a little delay in
  between to the target IP. The responses are searched for a timestamps. If found, the timestamps
  are reported.
Details:
TCP Timestamps Information Disclosure
(OID: 1.3.6.1.4.1.25623.1.0.80091)
Version used: 2023-12-15T16:10:08Z
","","","",""
192.168.13.10,dc13.net13.beta,,,2.6,Low,80,"Mitigation","TCP Timestamps Information Disclosure","The remote host implements TCP timestamps and therefore allows
  to compute the uptime.","It was detected that the host implements RFC1323/RFC7323.

The following timestamps were retrieved with a delay of 1 seconds in-between:
Packet 1: 5555891
Packet 2: 5556938
",1.3.6.1.4.1.25623.1.0.80091,"",ea171b6f-24cf-45a0-b47f-15759bc2b6b9,"First Network Scan",2026-03-23T14:28:46Z,6219b219-8315-485e-b7c0-fdb03b93f088,"A side effect of this feature is that the uptime of the remote
  host can sometimes be computed.","To disable TCP timestamps on linux add the line
  'net.ipv4.tcp_timestamps = 0' to /etc/sysctl.conf. Execute 'sysctl -p' to apply the settings at
  runtime.

  To disable TCP timestamps on Windows execute 'netsh int tcp set global timestamps=disabled'

  Starting with Windows Server 2008 and Vista, the timestamp can not be completely disabled.

  The default behavior of the TCP/IP stack on this Systems is to not use the Timestamp options when
  initiating TCP connections, but use them if the TCP peer that is initiating communication includes
  them in their synchronize (SYN) segment.

  See the references for more information.","TCP implementations that implement RFC1323/RFC7323.","The remote host implements TCP timestamps, as defined by
  RFC1323/RFC7323.","Special IP packets are forged and sent with a little delay in
  between to the target IP. The responses are searched for a timestamps. If found, the timestamps
  are reported.
Details:
TCP Timestamps Information Disclosure
(OID: 1.3.6.1.4.1.25623.1.0.80091)
Version used: 2023-12-15T16:10:08Z
","","","",""
192.168.13.20,mail.betatrade.beta,22,tcp,2.6,Low,80,"Mitigation","Weak MAC Algorithm(s) Supported (SSH)","The remote SSH server is configured to allow / support weak MAC
  algorithm(s).","The remote SSH server supports the following weak client-to-server MAC algorithm(s):

umac-64-etm@openssh.com
umac-64@openssh.com


The remote SSH server supports the following weak server-to-client MAC algorithm(s):

umac-64-etm@openssh.com
umac-64@openssh.com
",1.3.6.1.4.1.25623.1.0.105610,"",ea171b6f-24cf-45a0-b47f-15759bc2b6b9,"First Network Scan",2026-03-23T14:28:46Z,ce6e7a11-dd89-4dfd-abea-c6aff873b407,"","Disable the reported weak MAC algorithm(s).","","","Checks the supported MAC algorithms (client-to-server and
  server-to-client) of the remote SSH server.

  Currently weak MAC algorithms are defined as the following:

  - MD5 based algorithms

  - 96-bit based algorithms

  - 64-bit based algorithms

  - 'none' algorithm
Details:
Weak MAC Algorithm(s) Supported (SSH)
(OID: 1.3.6.1.4.1.25623.1.0.105610)
Version used: 2024-06-14T05:05:48Z
","Product: cpe:/a:ietf:secure_shell_protocol
Method: SSH Protocol Algorithms Supported
(OID: 1.3.6.1.4.1.25623.1.0.105565)
","","",""
192.168.13.15,,22,tcp,2.6,Low,80,"Mitigation","Weak MAC Algorithm(s) Supported (SSH)","The remote SSH server is configured to allow / support weak MAC
  algorithm(s).","The remote SSH server supports the following weak client-to-server MAC algorithm(s):

umac-64-etm@openssh.com
umac-64@openssh.com


The remote SSH server supports the following weak server-to-client MAC algorithm(s):

umac-64-etm@openssh.com
umac-64@openssh.com
",1.3.6.1.4.1.25623.1.0.105610,"",ea171b6f-24cf-45a0-b47f-15759bc2b6b9,"First Network Scan",2026-03-23T14:28:46Z,343a39ab-6434-4ad1-9ce4-72679672ede4,"","Disable the reported weak MAC algorithm(s).","","","Checks the supported MAC algorithms (client-to-server and
  server-to-client) of the remote SSH server.

  Currently weak MAC algorithms are defined as the following:

  - MD5 based algorithms

  - 96-bit based algorithms

  - 64-bit based algorithms

  - 'none' algorithm
Details:
Weak MAC Algorithm(s) Supported (SSH)
(OID: 1.3.6.1.4.1.25623.1.0.105610)
Version used: 2024-06-14T05:05:48Z
","Product: cpe:/a:ietf:secure_shell_protocol
Method: SSH Protocol Algorithms Supported
(OID: 1.3.6.1.4.1.25623.1.0.105565)
","","",""
192.168.13.20,mail.betatrade.beta,,,2.6,Low,80,"Mitigation","TCP Timestamps Information Disclosure","The remote host implements TCP timestamps and therefore allows
  to compute the uptime.","It was detected that the host implements RFC1323/RFC7323.

The following timestamps were retrieved with a delay of 1 seconds in-between:
Packet 1: 3336359230
Packet 2: 3336360256
",1.3.6.1.4.1.25623.1.0.80091,"",ea171b6f-24cf-45a0-b47f-15759bc2b6b9,"First Network Scan",2026-03-23T14:28:46Z,abfadfab-3510-438c-9f78-1f4b089342c6,"A side effect of this feature is that the uptime of the remote
  host can sometimes be computed.","To disable TCP timestamps on linux add the line
  'net.ipv4.tcp_timestamps = 0' to /etc/sysctl.conf. Execute 'sysctl -p' to apply the settings at
  runtime.

  To disable TCP timestamps on Windows execute 'netsh int tcp set global timestamps=disabled'

  Starting with Windows Server 2008 and Vista, the timestamp can not be completely disabled.

  The default behavior of the TCP/IP stack on this Systems is to not use the Timestamp options when
  initiating TCP connections, but use them if the TCP peer that is initiating communication includes
  them in their synchronize (SYN) segment.

  See the references for more information.","TCP implementations that implement RFC1323/RFC7323.","The remote host implements TCP timestamps, as defined by
  RFC1323/RFC7323.","Special IP packets are forged and sent with a little delay in
  between to the target IP. The responses are searched for a timestamps. If found, the timestamps
  are reported.
Details:
TCP Timestamps Information Disclosure
(OID: 1.3.6.1.4.1.25623.1.0.80091)
Version used: 2023-12-15T16:10:08Z
","","","",""
192.168.13.101,workstation13.net13.beta,,,2.6,Low,80,"Mitigation","TCP Timestamps Information Disclosure","The remote host implements TCP timestamps and therefore allows
  to compute the uptime.","It was detected that the host implements RFC1323/RFC7323.

The following timestamps were retrieved with a delay of 1 seconds in-between:
Packet 1: 5398199
Packet 2: 5399218
",1.3.6.1.4.1.25623.1.0.80091,"",ea171b6f-24cf-45a0-b47f-15759bc2b6b9,"First Network Scan",2026-03-23T14:28:46Z,c67451fe-5afe-4731-8a4e-cf68bcd99edf,"A side effect of this feature is that the uptime of the remote
  host can sometimes be computed.","To disable TCP timestamps on linux add the line
  'net.ipv4.tcp_timestamps = 0' to /etc/sysctl.conf. Execute 'sysctl -p' to apply the settings at
  runtime.

  To disable TCP timestamps on Windows execute 'netsh int tcp set global timestamps=disabled'

  Starting with Windows Server 2008 and Vista, the timestamp can not be completely disabled.

  The default behavior of the TCP/IP stack on this Systems is to not use the Timestamp options when
  initiating TCP connections, but use them if the TCP peer that is initiating communication includes
  them in their synchronize (SYN) segment.

  See the references for more information.","TCP implementations that implement RFC1323/RFC7323.","The remote host implements TCP timestamps, as defined by
  RFC1323/RFC7323.","Special IP packets are forged and sent with a little delay in
  between to the target IP. The responses are searched for a timestamps. If found, the timestamps
  are reported.
Details:
TCP Timestamps Information Disclosure
(OID: 1.3.6.1.4.1.25623.1.0.80091)
Version used: 2023-12-15T16:10:08Z
","","","",""
192.168.13.55,,,,2.6,Low,80,"Mitigation","TCP Timestamps Information Disclosure","The remote host implements TCP timestamps and therefore allows
  to compute the uptime.","It was detected that the host implements RFC1323/RFC7323.

The following timestamps were retrieved with a delay of 1 seconds in-between:
Packet 1: 2505574494
Packet 2: 319554317
",1.3.6.1.4.1.25623.1.0.80091,"",ea171b6f-24cf-45a0-b47f-15759bc2b6b9,"First Network Scan",2026-03-23T14:28:46Z,14825b77-e8c6-4552-af4b-d0bb79a0e276,"A side effect of this feature is that the uptime of the remote
  host can sometimes be computed.","To disable TCP timestamps on linux add the line
  'net.ipv4.tcp_timestamps = 0' to /etc/sysctl.conf. Execute 'sysctl -p' to apply the settings at
  runtime.

  To disable TCP timestamps on Windows execute 'netsh int tcp set global timestamps=disabled'

  Starting with Windows Server 2008 and Vista, the timestamp can not be completely disabled.

  The default behavior of the TCP/IP stack on this Systems is to not use the Timestamp options when
  initiating TCP connections, but use them if the TCP peer that is initiating communication includes
  them in their synchronize (SYN) segment.

  See the references for more information.","TCP implementations that implement RFC1323/RFC7323.","The remote host implements TCP timestamps, as defined by
  RFC1323/RFC7323.","Special IP packets are forged and sent with a little delay in
  between to the target IP. The responses are searched for a timestamps. If found, the timestamps
  are reported.
Details:
TCP Timestamps Information Disclosure
(OID: 1.3.6.1.4.1.25623.1.0.80091)
Version used: 2023-12-15T16:10:08Z
","","","",""
192.168.13.15,,,,2.1,Low,80,"Mitigation","ICMP Timestamp Reply Information Disclosure","The remote host responded to an ICMP timestamp request.","The following response / ICMP packet has been received:
- ICMP Type: 14
- ICMP Code: 0
",1.3.6.1.4.1.25623.1.0.103190,"CVE-1999-0524",ea171b6f-24cf-45a0-b47f-15759bc2b6b9,"First Network Scan",2026-03-23T14:28:46Z,33962096-f32f-44f1-aaca-ad8c8b522383,"This information could theoretically be used to exploit weak
  time-based random number generators in other services.","Various mitigations are possible:

  - Disable the support for ICMP timestamp on the remote host completely

  - Protect the remote host by a firewall, and block ICMP packets passing through the firewall in
  either direction (either completely or only for untrusted networks)","","The Timestamp Reply is an ICMP message which replies to a
  Timestamp message. It consists of the originating timestamp sent by the sender of the Timestamp as
  well as a receive timestamp and a transmit timestamp.","Sends an ICMP Timestamp (Type 13) request and checks if a
  Timestamp Reply (Type 14) is received.
Details:
ICMP Timestamp Reply Information Disclosure
(OID: 1.3.6.1.4.1.25623.1.0.103190)
Version used: 2025-01-21T05:37:33Z
","","","DFN-CERT-2014-0658,CB-K15/1514,CB-K14/0632",""
192.168.13.1,_gateway,,,2.1,Low,80,"Mitigation","ICMP Timestamp Reply Information Disclosure","The remote host responded to an ICMP timestamp request.","The following response / ICMP packet has been received:
- ICMP Type: 14
- ICMP Code: 0
",1.3.6.1.4.1.25623.1.0.103190,"CVE-1999-0524",ea171b6f-24cf-45a0-b47f-15759bc2b6b9,"First Network Scan",2026-03-23T14:28:46Z,120f55e9-e544-4f0c-8ac4-8cd3401feaf3,"This information could theoretically be used to exploit weak
  time-based random number generators in other services.","Various mitigations are possible:

  - Disable the support for ICMP timestamp on the remote host completely

  - Protect the remote host by a firewall, and block ICMP packets passing through the firewall in
  either direction (either completely or only for untrusted networks)","","The Timestamp Reply is an ICMP message which replies to a
  Timestamp message. It consists of the originating timestamp sent by the sender of the Timestamp as
  well as a receive timestamp and a transmit timestamp.","Sends an ICMP Timestamp (Type 13) request and checks if a
  Timestamp Reply (Type 14) is received.
Details:
ICMP Timestamp Reply Information Disclosure
(OID: 1.3.6.1.4.1.25623.1.0.103190)
Version used: 2025-01-21T05:37:33Z
","","","DFN-CERT-2014-0658,CB-K15/1514,CB-K14/0632",""
192.168.13.20,mail.betatrade.beta,,,2.1,Low,80,"Mitigation","ICMP Timestamp Reply Information Disclosure","The remote host responded to an ICMP timestamp request.","The following response / ICMP packet has been received:
- ICMP Type: 14
- ICMP Code: 0
",1.3.6.1.4.1.25623.1.0.103190,"CVE-1999-0524",ea171b6f-24cf-45a0-b47f-15759bc2b6b9,"First Network Scan",2026-03-23T14:28:46Z,b1b635df-23df-4477-894a-e2499aa75f8b,"This information could theoretically be used to exploit weak
  time-based random number generators in other services.","Various mitigations are possible:

  - Disable the support for ICMP timestamp on the remote host completely

  - Protect the remote host by a firewall, and block ICMP packets passing through the firewall in
  either direction (either completely or only for untrusted networks)","","The Timestamp Reply is an ICMP message which replies to a
  Timestamp message. It consists of the originating timestamp sent by the sender of the Timestamp as
  well as a receive timestamp and a transmit timestamp.","Sends an ICMP Timestamp (Type 13) request and checks if a
  Timestamp Reply (Type 14) is received.
Details:
ICMP Timestamp Reply Information Disclosure
(OID: 1.3.6.1.4.1.25623.1.0.103190)
Version used: 2025-01-21T05:37:33Z
","","","DFN-CERT-2014-0658,CB-K15/1514,CB-K14/0632",""
192.168.13.55,,,,2.1,Low,80,"Mitigation","ICMP Timestamp Reply Information Disclosure","The remote host responded to an ICMP timestamp request.","The following response / ICMP packet has been received:
- ICMP Type: 14
- ICMP Code: 0
",1.3.6.1.4.1.25623.1.0.103190,"CVE-1999-0524",ea171b6f-24cf-45a0-b47f-15759bc2b6b9,"First Network Scan",2026-03-23T14:28:46Z,90bf8a26-63c6-424a-8c5b-0fe2ea2e40d9,"This information could theoretically be used to exploit weak
  time-based random number generators in other services.","Various mitigations are possible:

  - Disable the support for ICMP timestamp on the remote host completely

  - Protect the remote host by a firewall, and block ICMP packets passing through the firewall in
  either direction (either completely or only for untrusted networks)","","The Timestamp Reply is an ICMP message which replies to a
  Timestamp message. It consists of the originating timestamp sent by the sender of the Timestamp as
  well as a receive timestamp and a transmit timestamp.","Sends an ICMP Timestamp (Type 13) request and checks if a
  Timestamp Reply (Type 14) is received.
Details:
ICMP Timestamp Reply Information Disclosure
(OID: 1.3.6.1.4.1.25623.1.0.103190)
Version used: 2025-01-21T05:37:33Z
","","","DFN-CERT-2014-0658,CB-K15/1514,CB-K14/0632",""
192.168.13.2,,,,2.1,Low,80,"Mitigation","ICMP Timestamp Reply Information Disclosure","The remote host responded to an ICMP timestamp request.","The following response / ICMP packet has been received:
- ICMP Type: 14
- ICMP Code: 0
",1.3.6.1.4.1.25623.1.0.103190,"CVE-1999-0524",ea171b6f-24cf-45a0-b47f-15759bc2b6b9,"First Network Scan",2026-03-23T14:28:46Z,687fae8e-d270-45be-8588-386e3e40d2c1,"This information could theoretically be used to exploit weak
  time-based random number generators in other services.","Various mitigations are possible:

  - Disable the support for ICMP timestamp on the remote host completely

  - Protect the remote host by a firewall, and block ICMP packets passing through the firewall in
  either direction (either completely or only for untrusted networks)","","The Timestamp Reply is an ICMP message which replies to a
  Timestamp message. It consists of the originating timestamp sent by the sender of the Timestamp as
  well as a receive timestamp and a transmit timestamp.","Sends an ICMP Timestamp (Type 13) request and checks if a
  Timestamp Reply (Type 14) is received.
Details:
ICMP Timestamp Reply Information Disclosure
(OID: 1.3.6.1.4.1.25623.1.0.103190)
Version used: 2025-01-21T05:37:33Z
","","","DFN-CERT-2014-0658,CB-K15/1514,CB-K14/0632",""
192.168.13.101,workstation13.net13.beta,,,2.1,Low,80,"Mitigation","ICMP Timestamp Reply Information Disclosure","The remote host responded to an ICMP timestamp request.","The following response / ICMP packet has been received:
- ICMP Type: 14
- ICMP Code: 0
",1.3.6.1.4.1.25623.1.0.103190,"CVE-1999-0524",ea171b6f-24cf-45a0-b47f-15759bc2b6b9,"First Network Scan",2026-03-23T14:28:46Z,4effb504-9183-4feb-8504-9c994478bc3b,"This information could theoretically be used to exploit weak
  time-based random number generators in other services.","Various mitigations are possible:

  - Disable the support for ICMP timestamp on the remote host completely

  - Protect the remote host by a firewall, and block ICMP packets passing through the firewall in
  either direction (either completely or only for untrusted networks)","","The Timestamp Reply is an ICMP message which replies to a
  Timestamp message. It consists of the originating timestamp sent by the sender of the Timestamp as
  well as a receive timestamp and a transmit timestamp.","Sends an ICMP Timestamp (Type 13) request and checks if a
  Timestamp Reply (Type 14) is received.
Details:
ICMP Timestamp Reply Information Disclosure
(OID: 1.3.6.1.4.1.25623.1.0.103190)
Version used: 2025-01-21T05:37:33Z
","","","DFN-CERT-2014-0658,CB-K15/1514,CB-K14/0632",""
